Employee_ID,Name,Gender,Age,Department,Position,YearsExperience,Education,Salary,PerformanceScore,Attendance,OvertimeHours,TrainingHours,JobSatisfaction,MaritalStatus,City,Promotion,Attrition
EMP0001,Sinta Saputra,Female,50,HR,Manager,22,D3,11000000,87,87.8,29,2,1,Married,Bandung,No,Yes
EMP0002,Fitri Nugroho,Female,57,Marketing,Supervisor,29,S1,16000000,81,81.5,8,14,5,Married,Bandung,No,No
EMP0003,Rahma Santoso,Female,47,Marketing,Staff,25,S1,5000000,85,89.8,8,15,5,Married,Bandung,No,No
EMP0004,Sinta Wijaya,Female,31,IT,Senior Staff,8,D3,8000000,71,85.4,10,42,5,Single,Semarang,No,
EMP0005,Andi Pratama,Male,26,Marketing,Staff,0,S1,6000000,87,93.6,26,1,1,Married,Yogyakarta,No,No
EMP0006,Maya Utami,Female,23,Sales,Senior Staff,0,D3,8000000,67,91.6,1,30,2,Married,Surabaya,No,No
EMP0007,Eka Pratama,Female,26,HR,Senior Staff,4,S1,4000000,69,86.1,14,43,4,Single,Yogyakarta,,No
EMP0008,Hadi Hidayat,Female,52,Finance,Senior Staff,31,S1,9000000,,84.1,9,57,5,Married,Surabaya,No,No
EMP0009,Yuni Santoso,Male,31,Finance,Staff,7,S1,4000000,65,88.3,25,38,5,Married,Yogyakarta,No,No
EMP0010,Rizky Nugroho,Male,56,Marketing,Staff,35,S1,8000000,68,91.7,34,36,1,Single,Jakarta,No,No
EMP0011,Nanda Santoso,Female,45,HR,Staff,18,S1,15000000,70,86.2,25,46,1,Single,Semarang,No,Yes
EMP0012,Joko Hidayat,Female,37,Finance,Supervisor,9,D3,,90,82.1,38,44,,Single,Surabaya,No,No
EMP0013,Lina Kusuma,Female,35,IT,Staff,14,S1,12000000,63,97.6,31,30,1,Married,Yogyakarta,No,No
EMP0014,Aulia Wijaya,Female,54,Finance,Staff,30,S1,12000000,98,99.4,9,8,4,Married,Yogyakarta,Yes,No
EMP0015,Fajar Hidayat,Male,54,IT,Senior Staff,26,D3,15000000,61,96.5,19,34,3,Single,Bandung,No,No
EMP0016,Rahma Lestari,Male,52,IT,Staff,30,S1,5000000,69,84.7,12,25,2,Single,Semarang,No,Yes
EMP0017,Indah Permata,Female,53,Sales,Staff,30,S1,7000000,94,96.3,38,37,2,Married,Malang,Yes,No
EMP0018,Putri Pratama,Female,47,Operations,Supervisor,25,D3,4000000,92,86.4,18,37,5,Married,Yogyakarta,Yes,No
EMP0019,Nabila Lestari,Female,30,IT,Staff,5,S1,6000000,96,85.6,31,57,5,Married,Semarang,No,No
EMP0020,Gita Utami,Male,30,Operations,Staff,5,S1,7000000,86,98.5,34,22,5,Married,Jakarta,No,No
EMP0021,Fitri Pratama,Female,41,Sales,Staff,16,S1,4000000,74,93.6,2,5,5,Married,Malang,No,No
EMP0022,Gita Santoso,Female,52,IT,Manager,28,S1,9000000,99,92.2,21,1,4,Married,Bandung,Yes,No
EMP0023,Sinta Hidayat,Male,22,HR,Staff,0,S1,11000000,84,93.0,20,53,1,Single,Malang,No,No
EMP0024,Anisa Wijaya,Female,42,Finance,Senior Staff,17,S1,11000000,79,,30,15,,Married,Malang,No,No
EMP0025,Anisa Hidayat,Female,35,Operations,Supervisor,11,S1,9000000,83,88.3,9,55,5,Single,Bandung,No,No
EMP0026,Eka Permata,Female,32,IT,Staff,4,D3,6000000,78,82.4,19,24,2,Single,Semarang,No,Yes
EMP0027,Lina Permata,Female,47,Sales,Staff,22,S1,16000000,68,94.3,38,25,4,Married,Surabaya,No,No
EMP0028,Andi Pratama,,46,IT,Staff,25,D3,8000000,91,91.4,33,21,3,Married,Yogyakarta,Yes,No
EMP0029,Anisa Santoso,Female,27,Sales,Staff,6,S1,4000000,72,98.2,0,14,3,Single,Semarang,No,No
EMP0030,Wahyu Hidayat,Female,25,Marketing,Staff,0,D3,16000000,88,92.4,18,19,5,Married,Semarang,No,No
EMP0031,Sinta Wijaya,Male,42,Finance,Staff,19,S1,13000000,93,96.0,13,39,,Married,Jakarta,Yes,No
EMP0032,Rahma Santoso,Female,46,HR,Senior Staff,25,S1,10000000,76,89.2,34,6,3,Single,Semarang,No,No
EMP0033,Anisa Wijaya,Female,23,Marketing,Staff,0,S1,17000000,87,89.1,30,48,1,Single,Surabaya,,No
EMP0034,Putri Kusuma,Female,27,IT,Supervisor,1,S1,5000000,73,84.8,29,22,3,Married,Jakarta,No,No
EMP0035,Rahma Permata,Female,36,IT,Staff,11,S1,11000000,88,84.0,23,18,2,Married,Jakarta,No,Yes
EMP0036,Hadi Nugroho,Female,44,Sales,Staff,23,D3,12000000,67,80.4,25,60,3,Married,Surabaya,No,No
EMP0037,Eka Permata,Male,47,Marketing,Senior Staff,24,S1,10000000,86,90.0,25,20,4,Married,Malang,No,No
EMP0038,Kartika Pratama,,35,HR,Staff,14,S2,8000000,63,91.2,30,20,2,Single,Surabaya,No,No
EMP0039,Eka Utami,Male,51,Marketing,Supervisor,28,S1,6000000,84,93.3,12,5,,Married,Surabaya,No,No
EMP0040,Wahyu Utami,Female,42,IT,Staff,19,S1,9000000,82,87.3,2,32,1,Married,Malang,No,Yes
EMP0041,Joko Nugroho,Female,38,HR,Senior Staff,15,S2,12000000,84,92.6,18,0,3,Married,Bandung,No,No
EMP0042,Joko Wijaya,Female,55,HR,Staff,29,S1,9000000,81,88.3,2,32,4,Married,Surabaya,No,No
EMP0043,Anisa Permata,Female,33,HR,Senior Staff,5,S1,10000000,60,99.5,11,20,1,Married,Bandung,,No
EMP0044,Kartika Santoso,Female,52,Finance,Staff,30,S1,17000000,70,95.0,33,12,4,Single,Yogyakarta,No,No
EMP0045,Tono Permata,Male,24,HR,Staff,0,S1,10000000,82,,17,2,2,Single,Yogyakarta,No,Yes
EMP0046,Rizky Utami,Female,23,Sales,Staff,0,S2,9000000,91,83.0,35,28,3,Married,Surabaya,No,No
EMP0047,Maya Permata,,25,Sales,Staff,0,S1,12000000,,84.1,26,48,1,Single,Surabaya,No,Yes
EMP0048,Dewi Hidayat,Male,56,Finance,Manager,31,S1,6000000,88,,40,10,5,Married,Bandung,No,No
EMP0049,Hadi Nugroho,Female,43,Operations,Senior Staff,22,S2,7000000,62,96.0,25,7,5,Married,Surabaya,No,No
EMP0050,Dewi Hidayat,Female,47,HR,Senior Staff,25,D3,8000000,61,84.3,38,12,2,Single,Bandung,No,Yes
EMP0051,Anisa Santoso,Male,22,Operations,Senior Staff,0,S1,5000000,75,99.5,35,6,2,Married,Bandung,No,No
EMP0052,Fitri Nugroho,Male,32,IT,Supervisor,11,S1,18000000,95,86.8,31,48,,Single,Surabaya,Yes,No
EMP0053,Aulia Utami,Female,27,Sales,Staff,6,S1,8000000,73,99.9,16,30,5,Single,Bandung,No,No
EMP0054,Gita Kusuma,Female,26,HR,Staff,2,S1,16000000,74,87.2,35,49,1,Married,Jakarta,No,Yes
EMP0055,Gita Nugroho,Female,56,Operations,Staff,30,S2,9000000,74,84.2,33,39,3,Single,Jakarta,No,No
EMP0056,Rahma Wijaya,Female,42,Sales,Staff,16,S2,12000000,60,98.2,14,42,4,Single,Semarang,No,No
EMP0057,Maya Saputra,,22,HR,Staff,1,S1,15000000,86,82.1,5,9,2,Single,Jakarta,No,Yes
EMP0058,Rizky Kusuma,Female,48,Sales,Staff,25,S1,5000000,90,87.1,10,34,1,Married,Semarang,No,Yes
EMP0059,Joko Saputra,Female,42,Marketing,Senior Staff,21,D3,8000000,72,95.9,18,35,2,Married,Surabaya,No,No
EMP0060,Joko Wijaya,Female,48,IT,Senior Staff,26,S1,,83,94.6,38,50,1,Single,Surabaya,No,No
EMP0061,Rizky Hidayat,Female,40,Marketing,Senior Staff,14,D3,14000000,76,90.6,3,55,4,Single,Bandung,No,No
EMP0062,Fajar Permata,Female,35,Sales,Staff,11,D3,8000000,79,88.9,30,31,5,Married,Jakarta,No,No
EMP0063,Wahyu Lestari,Male,26,IT,Staff,0,S1,12000000,61,88.6,33,49,4,Single,Bandung,No,No
EMP0064,Rizky Permata,Female,33,Marketing,Staff,10,D3,5000000,,95.6,28,2,,Married,Jakarta,No,No
EMP0065,Lina Utami,Male,27,HR,Staff,3,S1,11000000,75,92.2,7,6,3,Single,Surabaya,No,No
EMP0066,Putri Pratama,Female,38,Marketing,Staff,16,D3,10000000,80,92.1,32,43,4,Single,Semarang,No,No
EMP0067,Sinta Wijaya,Female,30,Marketing,Senior Staff,8,S1,10000000,64,92.5,38,47,3,Single,Malang,No,No
EMP0068,Fajar Nugroho,Male,55,Operations,Supervisor,30,S1,10000000,67,85.4,32,8,4,Married,Surabaya,No,No
EMP0069,Putri Lestari,,27,Operations,Senior Staff,1,S2,6000000,62,92.7,22,56,3,Single,Surabaya,No,No
EMP0070,Fajar Wijaya,Female,31,Finance,Senior Staff,9,S1,11000000,100,80.0,29,33,1,Married,Yogyakarta,Yes,Yes
EMP0071,Hadi Wijaya,Male,40,HR,Staff,13,D3,5000000,85,90.6,9,12,1,Single,Jakarta,No,No
EMP0072,Nabila Pratama,Female,35,Finance,Staff,12,S1,9000000,77,,12,59,4,Single,Bandung,No,No
EMP0073,Kartika Hidayat,Female,32,Marketing,Supervisor,10,S1,8000000,75,96.5,9,23,3,Married,Yogyakarta,,No
EMP0074,Eka Saputra,Female,54,HR,Staff,26,S1,15000000,,94.7,6,4,5,Single,Yogyakarta,No,No
EMP0075,Eka Saputra,Female,24,Finance,Staff,1,S1,15000000,63,86.3,19,46,1,Married,Yogyakarta,No,Yes
EMP0076,Nabila Wijaya,Female,58,Marketing,Staff,33,S1,14000000,97,97.4,7,42,3,Single,Yogyakarta,Yes,No
EMP0077,Citra Permata,Female,48,HR,Staff,23,S1,10000000,96,94.9,9,38,5,Married,Malang,Yes,
EMP0078,Rizky Lestari,Female,33,Marketing,Senior Staff,10,S2,,85,94.1,27,36,3,Married,Jakarta,No,No
EMP0079,Citra Kusuma,Female,47,Operations,Manager,23,D3,9000000,96,86.0,38,10,4,Single,Bandung,Yes,No
EMP0080,Aulia Utami,Male,26,Marketing,Staff,5,D3,9000000,95,92.7,25,47,2,Married,Yogyakarta,,No
EMP0081,Indah Permata,Female,35,Finance,Manager,13,S1,18000000,,96.6,25,1,5,Single,Surabaya,No,No
EMP0082,Eka Pratama,Female,34,Finance,Supervisor,11,S1,12000000,87,94.4,19,57,4,Single,Yogyakarta,No,No
EMP0083,Rahma Wijaya,Male,47,HR,Senior Staff,24,S1,9000000,95,84.6,28,39,5,Single,Bandung,Yes,No
EMP0084,Tono Wijaya,Female,28,Marketing,Staff,2,S1,5000000,84,94.9,11,2,,Single,Surabaya,No,No
EMP0085,Putri Permata,Male,28,Finance,Staff,5,S1,7000000,73,,32,8,2,Single,Semarang,No,Yes
EMP0086,Fitri Kusuma,Female,30,Marketing,Supervisor,3,S1,18000000,74,86.4,17,36,4,Married,Surabaya,No,No
EMP0087,Lina Lestari,Male,49,Marketing,Senior Staff,22,S2,8000000,92,80.4,26,37,5,Married,Bandung,Yes,No
EMP0088,Yuni Permata,Female,28,IT,Staff,6,S1,16000000,,96.3,31,12,4,Single,Surabaya,No,No
EMP0089,Kartika Kusuma,Female,46,Sales,Staff,21,S1,10000000,,94.7,1,35,4,Married,Malang,Yes,No
EMP0090,Maya Santoso,Male,45,Marketing,Staff,19,S1,5000000,75,84.7,32,20,3,Married,Jakarta,No,No
EMP0091,Fitri Kusuma,Female,52,HR,Staff,24,D3,11000000,71,91.1,22,1,,Married,Jakarta,No,No
EMP0092,Putri Utami,Female,35,Finance,Staff,8,S1,17000000,69,83.8,13,18,5,Married,Malang,No,No
EMP0093,Joko Pratama,Male,51,Marketing,Staff,25,S1,17000000,98,,8,45,5,Married,Jakarta,Yes,No
EMP0094,Budi Nugroho,Female,25,Finance,Staff,0,S1,6000000,75,81.3,36,27,2,Single,Jakarta,No,Yes
EMP0095,Rizky Utami,Male,38,HR,Staff,11,S1,5000000,76,85.8,12,36,3,Married,Yogyakarta,No,No
EMP0096,Dewi Kusuma,Female,58,IT,Staff,31,S1,13000000,75,95.2,32,22,1,Married,Malang,No,No
EMP0097,Kartika Pratama,Female,37,Sales,Staff,11,S2,15000000,80,98.4,18,26,1,Single,Yogyakarta,No,No
EMP0098,Gita Saputra,Female,50,Marketing,Staff,27,D3,,83,80.2,22,43,3,Married,Yogyakarta,No,No
EMP0099,Budi Permata,Female,41,HR,Supervisor,17,D3,17000000,94,94.6,18,7,3,Married,Yogyakarta,Yes,
EMP0100,Kartika Nugroho,,27,IT,Manager,6,S1,4000000,64,,5,3,1,Married,Surabaya,No,No
EMP0101,Nabila Pratama,Female,51,Marketing,Staff,24,S1,10000000,75,98.8,6,37,2,Married,Jakarta,No,No
EMP0102,Nanda Kusuma,Female,42,Marketing,Staff,18,S1,4000000,100,84.3,32,12,1,Married,Jakarta,Yes,Yes
EMP0103,Budi Utami,,46,HR,Staff,19,D3,4000000,71,82.4,26,52,2,Married,Jakarta,No,Yes
EMP0104,Gita Santoso,Male,52,Sales,Staff,28,S2,5000000,90,99.9,16,20,3,Married,Jakarta,No,No
EMP0105,Eka Wijaya,Male,54,Sales,Staff,32,D3,8000000,79,80.3,0,52,3,Single,Bandung,No,No
EMP0106,Citra Utami,Male,47,IT,Supervisor,19,S1,6000000,91,,34,4,4,Single,Surabaya,Yes,
EMP0107,Budi Hidayat,Male,56,IT,Staff,35,D3,16000000,91,,26,20,2,Married,Yogyakarta,Yes,Yes
EMP0108,Kartika Nugroho,Female,22,Marketing,Senior Staff,1,S1,8000000,62,87.8,34,25,1,Single,Jakarta,,Yes
EMP0109,Citra Permata,Male,41,Marketing,Staff,17,D3,13000000,90,81.6,13,6,4,Single,Jakarta,No,No
EMP0110,Gita Wijaya,Female,30,IT,Staff,5,S2,5000000,95,90.9,31,4,,Single,Semarang,No,
EMP0111,Tono Permata,Female,26,IT,Staff,2,S1,6000000,89,93.3,40,4,,Married,Surabaya,No,No
EMP0112,Aulia Hidayat,Female,23,Marketing,Staff,0,S2,14000000,75,,38,20,5,Single,Yogyakarta,No,
EMP0113,Maya Kusuma,Male,43,HR,Senior Staff,21,S1,6000000,87,92.6,27,43,5,Married,Yogyakarta,No,No
EMP0114,Lina Santoso,Female,37,Marketing,Staff,9,S1,13000000,83,86.7,36,54,2,Married,Yogyakarta,No,Yes
EMP0115,Fajar Saputra,Male,38,IT,Staff,17,S1,13000000,79,81.6,33,50,5,Single,Bandung,No,No
EMP0116,Nanda Nugroho,Male,25,IT,Senior Staff,3,S1,14000000,,84.0,15,17,5,Single,Malang,No,No
EMP0117,Aulia Nugroho,Female,55,Sales,Senior Staff,33,S1,11000000,69,84.9,21,25,3,Married,Jakarta,No,No
EMP0118,Fitri Lestari,Female,56,HR,Supervisor,35,S2,6000000,90,83.2,21,51,1,Married,Jakarta,No,Yes
EMP0119,Andi Saputra,Male,45,IT,Senior Staff,21,S1,18000000,81,98.5,9,32,2,Married,Semarang,No,No
EMP0120,Eka Wijaya,Female,43,Marketing,Staff,15,S1,6000000,82,81.4,11,7,3,Single,Jakarta,No,No
EMP0121,Rahma Santoso,Female,48,HR,Staff,21,S1,7000000,61,92.3,10,40,,Single,Semarang,,No
EMP0122,Eka Pratama,Female,53,HR,Supervisor,28,S1,16000000,93,99.7,8,12,3,Single,Yogyakarta,Yes,No
EMP0123,Maya Permata,Male,25,HR,Supervisor,1,S1,6000000,82,94.3,12,1,1,Single,Bandung,No,No
EMP0124,Maya Pratama,Female,43,Sales,Staff,18,D3,12000000,100,100.0,14,44,,Married,Semarang,Yes,No
EMP0125,Tono Santoso,Male,26,Marketing,Staff,2,S2,16000000,74,85.2,37,41,3,Married,Surabaya,No,
EMP0126,Kartika Lestari,Female,29,Sales,Staff,8,S1,14000000,60,93.8,10,28,1,Married,Jakarta,No,No
EMP0127,Lina Lestari,Female,35,HR,Staff,11,S1,11000000,94,91.0,20,7,2,Single,Surabaya,Yes,No
EMP0128,Nabila Nugroho,Female,32,Marketing,Senior Staff,10,S1,17000000,90,92.7,21,18,,Married,Semarang,No,No
EMP0129,Indah Utami,Female,56,Sales,Staff,30,S1,17000000,69,,10,28,4,Married,Malang,No,No
EMP0130,Citra Saputra,Female,42,Sales,Staff,21,S2,8000000,98,89.9,40,56,5,Single,Yogyakarta,Yes,No
EMP0131,Tono Hidayat,,39,Operations,Staff,11,S2,13000000,70,87.6,29,11,2,Married,Malang,No,Yes
EMP0132,Lina Utami,Female,52,Finance,Supervisor,26,D3,16000000,91,99.7,0,7,1,Married,Jakarta,Yes,No
EMP0133,Wahyu Pratama,Male,45,HR,Manager,20,S1,,84,99.2,32,51,5,Married,Malang,No,No
EMP0134,Aulia Saputra,Male,46,Marketing,Staff,22,S1,,89,97.2,20,12,5,Married,Jakarta,No,No
EMP0135,Kartika Santoso,Female,38,Finance,Staff,11,S1,16000000,64,94.5,0,21,4,Married,Bandung,No,No
EMP0136,Budi Utami,Female,23,HR,Staff,1,S1,6000000,98,94.4,37,10,3,Married,Semarang,No,No
EMP0137,Rahma Kusuma,Female,30,Sales,Senior Staff,3,S2,14000000,62,98.2,5,53,3,Married,Jakarta,No,No
EMP0138,Joko Santoso,Male,58,HR,Senior Staff,34,S2,12000000,64,82.4,12,28,5,Married,Semarang,No,No
EMP0139,Nabila Pratama,Male,43,IT,Senior Staff,19,S1,5000000,96,81.6,1,13,1,Married,Malang,Yes,Yes
EMP0140,Joko Santoso,Female,51,Marketing,Manager,23,S1,10000000,79,85.5,40,3,2,Married,Jakarta,No,
EMP0141,Putri Wijaya,Female,52,Operations,Senior Staff,29,S1,6000000,92,92.4,8,9,3,Single,Jakarta,Yes,No
EMP0142,Tono Wijaya,Female,42,Marketing,Staff,14,S1,8000000,93,90.2,14,54,2,Married,Bandung,Yes,No
EMP0143,Maya Santoso,Female,52,Operations,Supervisor,30,S1,15000000,98,87.0,40,25,5,Married,Surabaya,Yes,No
EMP0144,Putri Lestari,Female,39,Sales,Staff,18,S1,6000000,88,86.3,6,52,3,Single,Yogyakarta,No,No
EMP0145,Dewi Wijaya,Female,30,HR,Staff,5,D3,14000000,100,,3,24,5,Married,Bandung,No,No
EMP0146,Sinta Hidayat,Male,56,Finance,Senior Staff,32,S1,18000000,83,98.3,7,15,4,Single,Bandung,No,No
EMP0147,Wahyu Hidayat,Female,24,IT,Supervisor,0,S1,5000000,60,91.2,14,16,4,Married,Jakarta,No,No
EMP0148,Sinta Nugroho,Female,29,Sales,Senior Staff,2,S1,12000000,67,80.7,6,37,5,Single,Surabaya,No,No
EMP0149,Aulia Hidayat,Female,32,HR,Senior Staff,5,S1,12000000,95,91.2,34,16,3,Married,Yogyakarta,No,No
EMP0150,Anisa Nugroho,Male,44,Finance,Staff,21,S1,13000000,79,95.5,18,17,3,Single,Semarang,No,No
EMP0151,Fajar Pratama,Female,50,HR,Staff,27,S1,7000000,69,,14,41,2,Single,Bandung,No,Yes
EMP0152,Aulia Saputra,Female,32,Operations,Staff,5,S2,12000000,81,92.6,8,3,1,Married,Surabaya,No,No
EMP0153,Hadi Pratama,Male,57,Sales,Staff,35,D3,14000000,88,96.3,36,7,2,Married,Malang,No,No
EMP0154,Fitri Utami,Female,24,Sales,Senior Staff,0,S1,4000000,78,92.8,15,60,,Single,Surabaya,No,No
EMP0155,Dewi Saputra,Male,58,IT,Staff,37,S1,17000000,93,81.5,17,34,1,Married,Bandung,Yes,Yes
EMP0156,Nanda Wijaya,Female,26,Sales,Staff,1,D3,6000000,,91.4,35,32,5,Married,Surabaya,No,No
EMP0157,Maya Wijaya,Male,52,Operations,Staff,25,S1,,92,83.6,21,47,2,Single,Jakarta,Yes,Yes
EMP0158,Lina Wijaya,Female,49,Marketing,Staff,28,D3,12000000,70,88.7,29,40,5,Married,Bandung,No,No
EMP0159,Andi Santoso,Female,39,Operations,Senior Staff,13,D3,11000000,99,83.3,28,35,5,Married,Yogyakarta,Yes,No
EMP0160,Tono Santoso,Male,45,Finance,Supervisor,18,S1,4000000,78,81.8,0,18,2,Married,Surabaya,No,Yes
EMP0161,Indah Nugroho,Male,55,Sales,Supervisor,29,S1,10000000,68,90.5,15,30,4,Married,Bandung,No,No
EMP0162,Lina Hidayat,Male,44,Sales,Staff,23,S2,11000000,81,97.7,26,15,2,Single,Yogyakarta,No,No
EMP0163,Yuni Nugroho,Female,45,Sales,Staff,23,S1,7000000,98,90.8,15,56,2,Single,Surabaya,Yes,No
EMP0164,Andi Nugroho,Female,47,Sales,Staff,22,S2,6000000,69,96.0,7,1,4,Married,Bandung,No,No
EMP0165,Putri Saputra,Female,33,IT,Senior Staff,5,D3,6000000,,82.8,35,36,4,Married,Semarang,No,No
EMP0166,Yuni Permata,Female,49,IT,Senior Staff,22,S1,6000000,64,82.9,25,12,1,Married,Jakarta,No,Yes
EMP0167,Fitri Utami,Female,53,Sales,Senior Staff,30,S1,17000000,79,85.3,6,37,2,Single,Jakarta,No,Yes
EMP0168,Fitri Utami,Female,41,IT,Staff,17,S1,11000000,97,80.0,25,5,3,Single,Jakarta,Yes,No
EMP0169,Eka Kusuma,Female,29,Marketing,Manager,8,S1,9000000,87,93.9,10,13,1,Single,Malang,No,No
EMP0170,Indah Kusuma,Female,41,IT,Staff,20,S2,7000000,82,97.0,21,36,2,Married,Malang,No,No
EMP0171,Rizky Pratama,Female,55,HR,Staff,30,S2,18000000,71,,14,3,1,Single,Surabaya,No,Yes
EMP0172,Wahyu Pratama,Female,22,Finance,Staff,0,S1,10000000,78,87.9,30,26,1,Single,Surabaya,No,Yes
EMP0173,Aulia Utami,Female,39,Sales,Senior Staff,14,S1,13000000,80,95.4,4,29,5,Single,Surabaya,No,No
EMP0174,Joko Permata,Female,50,Sales,Staff,22,S1,7000000,93,,16,38,2,Married,Jakarta,Yes,No
EMP0175,Lina Nugroho,Female,42,Sales,Supervisor,18,S2,15000000,88,95.1,33,7,4,Married,Semarang,No,No
EMP0176,Kartika Wijaya,Female,53,Sales,Staff,27,S1,12000000,67,89.4,36,15,5,Single,Bandung,No,No
EMP0177,Tono Kusuma,Female,48,Marketing,Staff,27,S1,16000000,81,80.4,2,38,4,Married,Semarang,No,No
EMP0178,Hadi Permata,Female,28,Finance,Staff,2,D3,8000000,90,83.1,4,35,5,Married,Malang,No,No
EMP0179,Budi Permata,Female,53,IT,Staff,26,S1,7000000,91,92.7,0,0,3,Married,Surabaya,Yes,No
EMP0180,Kartika Pratama,Female,45,HR,Staff,19,D3,16000000,83,86.0,19,38,5,Single,Malang,No,No
EMP0181,Kartika Permata,Female,29,HR,Staff,8,S1,9000000,94,88.8,33,58,1,Married,Surabaya,,No
EMP0182,Budi Permata,Female,58,Marketing,Staff,32,S1,16000000,99,88.1,36,37,2,Single,Bandung,Yes,No
EMP0183,Fajar Lestari,Female,36,Finance,Supervisor,14,S1,18000000,99,90.6,23,33,5,Married,Yogyakarta,Yes,No
EMP0184,Fajar Santoso,Female,37,Finance,Staff,12,S1,10000000,100,84.0,12,33,3,Single,Bandung,Yes,No
EMP0185,Anisa Santoso,Male,52,Operations,Staff,28,S2,10000000,61,81.6,4,31,4,Married,Jakarta,No,No
EMP0186,Dewi Hidayat,Female,30,HR,Senior Staff,8,D3,18000000,96,83.2,7,50,1,Married,Yogyakarta,Yes,
EMP0187,Lina Utami,Female,37,Operations,Staff,11,D3,17000000,62,87.6,2,3,5,Single,Bandung,No,No
EMP0188,Sinta Hidayat,Female,50,Sales,Supervisor,26,D3,,91,89.9,27,44,5,Married,Yogyakarta,Yes,No
EMP0189,Nabila Pratama,Female,36,Sales,Senior Staff,10,S1,9000000,88,92.8,35,0,3,Married,Malang,No,No
EMP0190,Rizky Saputra,Female,29,Sales,Staff,3,D3,11000000,79,93.5,14,15,2,Single,Semarang,,No
EMP0191,Citra Permata,Female,28,Finance,Senior Staff,4,S1,14000000,67,92.2,40,4,1,Single,Bandung,No,No
EMP0192,Maya Kusuma,Female,36,Operations,Senior Staff,13,S1,5000000,96,81.2,31,35,2,Single,Semarang,Yes,Yes
EMP0193,Hadi Permata,Female,45,IT,Supervisor,17,S1,,74,99.0,6,55,1,Single,Semarang,No,No
EMP0194,Nanda Wijaya,Female,39,HR,Senior Staff,16,S1,15000000,71,94.4,16,0,5,Single,Surabaya,No,
EMP0195,Tono Utami,Female,58,IT,Staff,37,S2,4000000,74,91.6,31,51,3,Married,Bandung,No,No
EMP0196,Tono Kusuma,Female,47,Finance,Staff,20,D3,18000000,64,94.0,26,3,2,Single,Malang,No,No
EMP0197,Maya Pratama,Male,29,HR,Supervisor,4,S1,9000000,86,83.2,27,13,3,Married,Malang,No,No
EMP0198,Fajar Hidayat,Male,26,HR,Staff,4,S1,12000000,86,92.5,14,37,3,Single,Semarang,No,No
EMP0199,Yuni Lestari,Female,35,HR,Staff,7,S1,11000000,100,99.5,36,37,1,Single,Malang,Yes,No
EMP0200,Gita Hidayat,Female,55,Marketing,Staff,29,S2,10000000,83,81.7,18,35,5,Married,Bandung,No,No
EMP0201,Rizky Lestari,Male,35,Marketing,Staff,9,S1,10000000,94,83.3,23,35,3,Single,Malang,Yes,No
EMP0202,Rahma Permata,,29,IT,Supervisor,8,S1,4000000,65,96.7,0,14,,Married,Malang,No,No
EMP0203,Anisa Utami,Female,26,Marketing,Senior Staff,5,S2,4000000,89,89.9,40,59,3,Married,Yogyakarta,No,No
EMP0204,Yuni Permata,Female,39,Marketing,Staff,17,S1,6000000,75,86.5,22,40,3,Single,Jakarta,No,No
EMP0205,Rizky Lestari,Female,36,Sales,Staff,9,S1,18000000,99,90.0,23,34,2,Married,Malang,Yes,No
EMP0206,Nabila Kusuma,Female,42,HR,Supervisor,20,S2,17000000,75,86.3,33,7,5,Single,Malang,,No
EMP0207,Budi Lestari,Female,57,HR,Staff,29,S1,18000000,72,96.1,36,41,5,Single,Surabaya,No,No
EMP0208,Wahyu Hidayat,Male,29,Sales,Staff,5,S1,9000000,95,93.9,6,26,2,Married,Semarang,No,No
EMP0209,Kartika Santoso,Female,36,IT,Staff,9,D3,18000000,80,83.1,15,24,5,Married,Jakarta,No,No
EMP0210,Wahyu Kusuma,Female,56,IT,Staff,30,S1,18000000,91,80.4,0,50,3,Single,Jakarta,Yes,No
EMP0211,Aulia Wijaya,,29,HR,Senior Staff,8,S1,,,82.8,22,30,,Single,Yogyakarta,No,No
EMP0212,Lina Wijaya,Female,22,Finance,Staff,0,S1,10000000,71,86.7,40,47,3,Single,Semarang,No,No
EMP0213,Rahma Nugroho,Female,47,Operations,Staff,25,S1,,84,89.3,20,57,1,Married,Surabaya,No,No
EMP0214,Wahyu Saputra,Female,48,Marketing,Supervisor,26,S1,15000000,64,89.4,29,44,4,Single,Jakarta,No,No
EMP0215,Anisa Permata,Female,57,Finance,Senior Staff,32,S1,8000000,87,85.8,19,39,4,Single,Malang,No,No
EMP0216,Tono Pratama,Female,28,Marketing,Manager,2,D3,7000000,72,,10,4,2,Married,Bandung,No,Yes
EMP0217,Yuni Hidayat,Female,50,Marketing,Staff,28,S1,10000000,97,87.4,2,59,2,Married,Bandung,Yes,Yes
EMP0218,Rizky Pratama,Female,34,Operations,Staff,7,D3,10000000,63,80.6,19,38,1,Single,Surabaya,No,Yes
EMP0219,Eka Saputra,Male,55,Finance,Staff,28,S1,17000000,82,86.9,0,23,2,Married,Surabaya,No,Yes
EMP0220,Citra Lestari,Female,45,Operations,Staff,18,S2,7000000,71,95.2,0,51,4,Married,Jakarta,No,No
EMP0221,Lina Lestari,Female,40,Finance,Staff,17,S1,9000000,71,83.8,32,40,5,Married,Jakarta,No,No
EMP0222,Citra Hidayat,Female,23,HR,Staff,1,S1,10000000,75,91.4,26,55,4,Married,Yogyakarta,No,No
EMP0223,Nabila Permata,Female,43,IT,Staff,18,S1,7000000,79,87.5,35,32,4,Married,Semarang,No,
EMP0224,Aulia Lestari,Female,35,Operations,Staff,13,S2,17000000,78,84.0,7,15,2,Single,Bandung,No,Yes
EMP0225,Putri Hidayat,Female,36,Sales,Senior Staff,15,S1,11000000,94,92.9,24,29,2,Single,Surabaya,Yes,No
EMP0226,Yuni Utami,Female,38,Finance,Staff,13,S1,16000000,97,85.4,7,52,5,Married,Yogyakarta,Yes,No
EMP0227,Fajar Permata,Female,41,Sales,Staff,17,S2,10000000,61,99.9,2,14,4,Married,Jakarta,No,No
EMP0228,Andi Kusuma,Female,46,IT,Senior Staff,19,S1,16000000,,91.5,9,39,3,Single,Jakarta,No,No
EMP0229,Fitri Santoso,Male,58,HR,Staff,32,S2,14000000,92,,9,52,3,Married,Semarang,Yes,No
EMP0230,Rizky Hidayat,Male,54,Marketing,Senior Staff,30,S1,11000000,86,90.8,6,10,5,Single,Yogyakarta,No,No
EMP0231,Andi Santoso,Male,57,Sales,Senior Staff,31,S1,6000000,90,83.6,9,16,1,Single,Malang,No,Yes
EMP0232,Yuni Utami,Male,32,Finance,Senior Staff,8,S1,,66,89.3,35,49,1,Married,Bandung,No,No
EMP0233,Joko Kusuma,Female,51,Sales,Staff,25,S1,17000000,93,86.3,7,29,,Single,Semarang,Yes,No
EMP0234,Nanda Pratama,Male,43,Finance,Manager,21,S1,13000000,70,99.9,16,47,5,Single,Jakarta,No,No
EMP0235,Yuni Hidayat,Female,41,Sales,Staff,16,S1,7000000,63,85.0,19,10,2,Single,Surabaya,No,Yes
EMP0236,Anisa Lestari,,29,HR,Staff,7,S1,13000000,,97.8,12,13,2,Single,Bandung,No,No
EMP0237,Sinta Pratama,Female,45,IT,Staff,21,S1,15000000,91,95.2,39,11,5,Married,Malang,Yes,No
EMP0238,Joko Permata,Female,22,Operations,Staff,0,D3,11000000,80,96.7,34,52,4,Single,Yogyakarta,No,No
EMP0239,Anisa Santoso,Female,35,Finance,Senior Staff,8,S1,15000000,70,82.3,7,37,2,Married,Semarang,No,Yes
EMP0240,Putri Saputra,Female,33,Finance,Senior Staff,11,S1,15000000,95,85.4,14,22,1,Married,Jakarta,Yes,Yes
EMP0241,Tono Hidayat,Female,25,Finance,Staff,0,S1,8000000,74,,0,10,3,Single,Bandung,No,No
EMP0242,Maya Pratama,Female,52,HR,Senior Staff,28,S1,7000000,62,84.1,39,47,2,Single,Malang,No,
EMP0243,Maya Permata,Male,40,HR,Staff,13,D3,8000000,80,90.9,16,38,3,Married,Surabaya,,No
EMP0244,Joko Utami,Female,43,Marketing,Staff,17,D3,13000000,86,82.1,7,1,4,Single,Jakarta,No,No
EMP0245,Lina Nugroho,Male,39,HR,Staff,14,S1,18000000,90,99.6,19,17,2,Single,Semarang,No,No
EMP0246,Putri Saputra,Male,52,Sales,Staff,28,S1,17000000,65,87.7,7,30,1,Single,Yogyakarta,No,Yes
EMP0247,Indah Hidayat,Female,44,Operations,Senior Staff,19,S1,10000000,66,,3,16,5,Single,Bandung,No,No
EMP0248,Anisa Nugroho,Male,32,Sales,Staff,10,D3,4000000,90,89.7,29,33,4,Married,Jakarta,No,No
EMP0249,Nabila Utami,Female,51,Sales,Staff,25,S1,4000000,84,88.5,36,19,3,Single,Malang,No,No
EMP0250,Maya Utami,Female,57,Operations,Staff,31,S1,12000000,,92.5,0,60,5,Single,Bandung,No,No
EMP0251,Nabila Utami,Male,26,Marketing,Senior Staff,3,D3,10000000,71,91.4,25,32,2,Single,Malang,No,No
EMP0252,Rizky Saputra,Female,23,IT,Staff,0,S1,12000000,100,99.6,36,45,2,Married,Surabaya,No,
EMP0253,Wahyu Nugroho,Male,36,HR,Staff,14,S1,9000000,79,99.8,22,21,5,Married,Semarang,No,No
EMP0254,Lina Lestari,Female,35,HR,Senior Staff,9,S1,10000000,71,99.4,7,50,3,Single,Jakarta,No,No
EMP0255,Fajar Permata,Female,33,Finance,Staff,9,S1,6000000,82,87.2,29,32,2,Married,Surabaya,,
EMP0256,Rahma Nugroho,Female,56,Marketing,Staff,30,S1,,78,94.9,13,32,1,Married,Semarang,No,No
EMP0257,Gita Santoso,Female,42,Marketing,Staff,21,S1,15000000,64,83.3,6,35,1,Married,Yogyakarta,No,Yes
EMP0258,Andi Santoso,Male,45,IT,Staff,17,S1,8000000,82,83.7,24,33,5,Single,Yogyakarta,No,No
EMP0259,Tono Lestari,Female,47,Finance,Staff,26,S1,14000000,74,95.7,10,7,2,Married,Malang,No,No
EMP0260,Kartika Utami,Female,52,Sales,Staff,28,D3,18000000,60,87.4,30,43,4,Single,Jakarta,No,No
EMP0261,Fitri Kusuma,Male,27,HR,Supervisor,6,S1,10000000,77,91.7,0,36,5,Single,Surabaya,No,No
EMP0262,Putri Wijaya,Female,34,Marketing,Senior Staff,7,S1,,78,96.9,3,43,4,Married,Semarang,No,No
EMP0263,Nanda Permata,,41,Finance,Staff,14,S1,15000000,77,91.6,25,8,2,Single,Surabaya,No,No
EMP0264,Nabila Wijaya,Male,32,Marketing,Staff,9,S1,9000000,65,85.4,31,60,3,Single,Surabaya,No,No
EMP0265,Indah Nugroho,Female,41,Finance,Staff,13,S1,15000000,80,93.1,30,39,2,Married,Bandung,No,No
EMP0266,Wahyu Permata,Male,49,Sales,Staff,21,S1,5000000,94,80.9,11,15,4,Single,Surabaya,,No
EMP0267,Fitri Kusuma,Male,51,HR,Staff,24,S1,4000000,,89.4,13,34,3,Single,Jakarta,No,
EMP0268,Andi Lestari,Male,26,IT,Staff,2,S1,6000000,70,92.9,10,46,,Single,Malang,No,No
EMP0269,Sinta Permata,Female,40,Finance,Staff,12,S1,7000000,100,97.5,15,58,5,Married,Malang,Yes,No
EMP0270,Anisa Hidayat,Female,38,Finance,Supervisor,14,S1,10000000,,80.8,20,46,4,Married,Jakarta,No,No
EMP0271,Nabila Saputra,Female,40,Sales,Supervisor,19,S1,7000000,60,88.2,14,23,1,Married,Bandung,No,No
EMP0272,Hadi Wijaya,Male,47,HR,Staff,20,S1,11000000,79,94.8,40,33,2,Single,Jakarta,No,No
EMP0273,Joko Nugroho,,27,Finance,Senior Staff,6,S2,18000000,63,98.1,2,56,3,Married,Bandung,No,No
EMP0274,Gita Pratama,Female,46,Sales,Staff,22,D3,9000000,77,84.9,38,10,5,Married,Jakarta,No,No
EMP0275,Yuni Lestari,Female,40,HR,Staff,14,S1,15000000,79,83.2,17,3,2,Married,Jakarta,No,Yes
EMP0276,Fitri Kusuma,Female,43,Marketing,Staff,17,S2,9000000,77,93.2,21,17,2,Married,Malang,No,No
EMP0277,Anisa Kusuma,Male,43,Finance,Staff,16,S1,17000000,79,82.2,15,35,2,Single,Jakarta,No,Yes
EMP0278,Gita Kusuma,Female,58,HR,Staff,36,S2,17000000,97,89.1,36,12,1,Married,Jakarta,Yes,No
EMP0279,Fajar Nugroho,Female,41,IT,Manager,19,S1,17000000,90,99.0,25,56,1,Single,Bandung,No,No
EMP0280,Indah Santoso,Male,41,IT,Staff,18,D3,16000000,99,86.1,21,6,2,Married,Jakarta,,Yes
EMP0281,Rahma Kusuma,Male,34,Operations,Staff,8,D3,9000000,90,88.3,22,53,2,Married,Jakarta,No,No
EMP0282,Andi Santoso,,41,HR,Senior Staff,17,S1,13000000,93,93.7,8,6,,Single,Jakarta,Yes,No
EMP0283,Andi Wijaya,Female,54,HR,Manager,31,S1,8000000,68,93.9,27,39,3,Married,Semarang,No,
EMP0284,Sinta Santoso,Female,47,IT,Supervisor,24,S1,9000000,85,84.2,9,8,2,Married,Yogyakarta,No,Yes
EMP0285,Joko Lestari,Female,37,Operations,Staff,13,S1,16000000,84,91.0,12,42,2,Married,Jakarta,No,No
EMP0286,Dewi Santoso,Female,56,Sales,Supervisor,31,S1,14000000,77,89.2,28,55,,Married,Yogyakarta,No,No
EMP0287,Fitri Wijaya,Female,30,IT,Staff,5,S1,11000000,79,94.0,23,10,4,Single,Surabaya,No,No
EMP0288,Joko Nugroho,Female,43,Marketing,Staff,22,S1,5000000,66,80.4,35,57,2,Married,Jakarta,No,Yes
EMP0289,Maya Pratama,,28,HR,Senior Staff,4,D3,12000000,85,83.5,37,16,,Married,Jakarta,No,No
EMP0290,Gita Pratama,Female,51,Finance,Staff,24,S1,10000000,91,84.3,21,1,2,Single,Surabaya,Yes,Yes
EMP0291,Kartika Lestari,Female,37,Sales,Senior Staff,15,S1,17000000,85,,9,13,1,Single,Surabaya,No,Yes
EMP0292,Anisa Wijaya,Female,47,Sales,Staff,21,S1,10000000,78,91.0,9,30,2,Single,Malang,,No
EMP0293,Tono Hidayat,Female,41,Marketing,Supervisor,16,S1,7000000,79,98.1,23,2,3,Single,Jakarta,No,No
EMP0294,Citra Nugroho,Female,58,HR,Staff,37,S2,14000000,85,99.5,33,29,5,Single,Semarang,No,No
EMP0295,Andi Saputra,Female,50,Marketing,Staff,24,D3,14000000,71,94.7,16,14,5,Single,Malang,No,No
EMP0296,Nabila Permata,Female,22,Sales,Manager,0,D3,10000000,60,92.3,12,20,2,Married,Malang,No,No
EMP0297,Joko Wijaya,Female,34,Finance,Senior Staff,6,S1,9000000,85,82.0,25,54,1,Single,Jakarta,No,Yes
EMP0298,Nanda Wijaya,Female,58,HR,Staff,36,S1,16000000,89,84.0,2,57,5,Married,Semarang,No,No
EMP0299,Kartika Nugroho,Male,52,Sales,Staff,26,D3,11000000,74,95.8,11,2,1,Married,Bandung,No,No
EMP0300,Aulia Hidayat,Male,48,IT,Supervisor,26,S1,12000000,85,93.8,10,25,2,Single,Surabaya,No,No
EMP0301,Citra Pratama,Female,45,Operations,Staff,24,S1,15000000,63,90.4,1,60,3,Single,Semarang,No,No
EMP0302,Tono Pratama,,33,IT,Senior Staff,11,S1,15000000,84,94.9,38,36,1,Married,Malang,No,No
EMP0303,Aulia Kusuma,Female,49,Sales,Staff,23,S1,4000000,,83.4,39,45,1,Married,Surabaya,Yes,Yes
EMP0304,Nanda Utami,Male,46,Sales,Staff,22,D3,11000000,77,97.8,14,8,4,Single,Semarang,No,
EMP0305,Andi Santoso,Female,24,Marketing,Staff,1,S1,16000000,91,89.1,31,42,2,Single,Yogyakarta,No,
EMP0306,Sinta Hidayat,Female,30,IT,Supervisor,2,S1,5000000,75,82.0,14,27,4,Married,Surabaya,No,No
EMP0307,Rizky Santoso,Male,50,Finance,Senior Staff,26,S1,14000000,61,88.3,13,9,5,Married,Semarang,No,
EMP0308,Eka Nugroho,Female,43,Sales,Staff,22,D3,17000000,100,88.2,37,4,5,Single,Malang,Yes,No
EMP0309,Nabila Kusuma,Female,37,IT,Staff,15,S2,4000000,,93.9,35,8,1,Single,Semarang,No,No
EMP0310,Lina Lestari,Female,23,IT,Staff,0,S1,18000000,81,96.8,27,1,1,Married,Bandung,No,No
EMP0311,Hadi Utami,Male,38,IT,Staff,16,S1,12000000,69,89.9,14,9,2,Married,Malang,No,No
EMP0312,Wahyu Saputra,Male,56,Finance,Senior Staff,28,S1,15000000,66,90.5,22,55,2,Married,Semarang,No,No
EMP0313,Gita Kusuma,Male,47,Operations,Manager,24,S1,15000000,71,83.3,38,54,5,Single,Semarang,No,No
EMP0314,Dewi Lestari,Male,40,Operations,Senior Staff,15,D3,9000000,80,96.8,36,1,2,Married,Semarang,,No
EMP0315,Yuni Saputra,,26,Finance,Staff,4,S1,8000000,72,,30,38,4,Single,Malang,No,No
EMP0316,Lina Kusuma,Male,51,HR,Senior Staff,28,S1,5000000,78,80.8,32,8,2,Married,Bandung,No,Yes
EMP0317,Rahma Permata,Female,29,IT,Senior Staff,8,S1,10000000,72,80.4,33,33,2,Single,Jakarta,No,Yes
EMP0318,Joko Kusuma,Female,29,Finance,Staff,7,S2,4000000,82,95.4,8,15,1,Married,Yogyakarta,No,No
EMP0319,Budi Permata,Male,48,Marketing,Senior Staff,24,S1,6000000,64,93.8,1,20,5,Single,Jakarta,No,No
EMP0320,Kartika Santoso,Female,40,HR,Staff,16,S1,11000000,84,82.0,12,29,3,Single,Semarang,No,No
EMP0321,Hadi Pratama,Female,42,IT,Staff,14,S1,16000000,71,,19,0,5,Single,Bandung,No,No
EMP0322,Kartika Saputra,Female,25,IT,Staff,1,D3,6000000,94,94.3,34,46,4,Single,Jakarta,,No
EMP0323,Nanda Santoso,Female,22,Marketing,Manager,0,S1,17000000,91,98.9,3,26,3,Married,Semarang,No,No
EMP0324,Anisa Santoso,Male,56,IT,Staff,34,S1,10000000,60,98.0,39,17,4,Married,Bandung,No,No
EMP0325,Lina Pratama,Female,31,HR,Manager,9,S1,18000000,73,81.9,26,47,5,Single,Jakarta,,No
EMP0326,Maya Saputra,Female,29,HR,Staff,5,S1,7000000,84,80.2,39,42,5,Married,Jakarta,No,No
EMP0327,Maya Utami,Female,24,Marketing,Senior Staff,0,S1,14000000,64,98.3,21,28,3,Married,Surabaya,No,No
EMP0328,Citra Utami,Male,46,HR,Staff,21,S1,12000000,95,90.8,21,4,5,Single,Jakarta,Yes,No
EMP0329,Rahma Wijaya,Male,56,Marketing,Supervisor,29,S1,11000000,70,95.5,33,8,3,Single,Surabaya,No,No
EMP0330,Eka Santoso,Female,40,Operations,Staff,15,S1,17000000,64,93.0,36,28,1,Married,Yogyakarta,No,
EMP0331,Joko Pratama,Female,56,Sales,Staff,28,S1,17000000,90,84.6,23,32,,Married,Yogyakarta,No,No
EMP0332,Putri Wijaya,Female,36,Marketing,Staff,13,S2,18000000,,91.4,14,45,2,Married,Bandung,No,No
EMP0333,Gita Pratama,Female,45,Marketing,Senior Staff,18,S1,17000000,74,85.4,3,34,4,Married,Malang,No,
EMP0334,Nabila Pratama,Male,36,IT,Supervisor,8,D3,15000000,72,81.8,25,44,4,Single,Malang,No,No
EMP0335,Yuni Permata,Male,45,Marketing,Staff,18,S1,12000000,93,98.2,3,20,1,Single,Semarang,Yes,No
EMP0336,Fitri Nugroho,Male,38,HR,Senior Staff,12,S1,11000000,86,91.2,10,22,4,Single,Bandung,No,No
EMP0337,Nabila Kusuma,Male,22,HR,Supervisor,0,S1,14000000,87,87.5,0,14,2,Married,Bandung,No,Yes
EMP0338,Fitri Lestari,Female,24,Sales,Senior Staff,1,D3,16000000,98,95.5,7,55,3,Married,Surabaya,No,No
EMP0339,Budi Kusuma,Female,46,Operations,Staff,20,D3,12000000,60,92.7,0,22,4,Married,Yogyakarta,No,No
EMP0340,Dewi Kusuma,Female,37,Marketing,Manager,10,S1,9000000,92,86.5,37,36,5,Married,Malang,Yes,No
EMP0341,Rahma Kusuma,Female,42,Sales,Senior Staff,21,S2,12000000,90,92.6,16,39,2,Married,Bandung,No,No
EMP0342,Nabila Pratama,Male,43,Sales,Staff,15,S2,16000000,100,88.5,4,19,2,Married,Jakarta,Yes,No
EMP0343,Hadi Permata,Male,50,IT,Staff,23,D3,,76,94.1,21,53,4,Single,Semarang,No,
EMP0344,Indah Kusuma,Male,25,Marketing,Supervisor,2,S1,17000000,91,89.4,24,14,4,Married,Semarang,No,No
EMP0345,Citra Pratama,Female,41,Finance,Supervisor,13,D3,18000000,69,87.8,2,29,1,Single,Malang,No,Yes
EMP0346,Rahma Santoso,Female,49,Finance,Staff,23,S1,5000000,84,95.2,29,46,5,Married,Surabaya,No,No
EMP0347,Joko Santoso,Female,55,Sales,Staff,34,S1,18000000,77,87.2,38,39,4,Single,Malang,No,No
EMP0348,Maya Hidayat,Female,54,Marketing,Supervisor,31,S1,14000000,88,92.5,31,52,3,Married,Yogyakarta,No,No
EMP0349,Joko Hidayat,Female,25,Marketing,Staff,3,D3,5000000,94,86.5,30,10,5,Married,Surabaya,No,No
EMP0350,Eka Lestari,Male,45,HR,Senior Staff,19,D3,9000000,66,85.6,11,46,2,Single,Jakarta,No,
EMP0351,Fitri Wijaya,Female,43,IT,Manager,15,S1,8000000,65,94.8,18,57,5,Single,Bandung,No,
EMP0352,Dewi Nugroho,Female,44,HR,Staff,20,S1,10000000,80,96.1,14,25,3,Single,Semarang,No,No
EMP0353,Yuni Pratama,Female,45,HR,Staff,24,S1,6000000,72,94.2,9,32,2,Married,Malang,No,No
EMP0354,Fajar Permata,Female,49,Sales,Staff,22,D3,9000000,68,82.2,26,29,3,Married,Yogyakarta,No,No
EMP0355,Fitri Permata,Male,33,Operations,Senior Staff,11,S1,17000000,100,91.4,38,0,,Single,Bandung,Yes,No
EMP0356,Fitri Kusuma,,48,Operations,Senior Staff,24,D3,11000000,63,83.0,24,22,3,Single,Yogyakarta,No,No
EMP0357,Citra Saputra,Female,26,IT,Staff,0,S1,5000000,72,94.5,11,7,4,Married,Semarang,No,No
EMP0358,Fitri Utami,Female,50,Marketing,Senior Staff,26,S2,4000000,61,89.0,7,43,,Single,Semarang,No,No
EMP0359,Gita Hidayat,Female,58,Operations,Staff,32,D3,18000000,62,93.8,31,58,5,Single,Malang,,No
EMP0360,Fajar Wijaya,Female,57,HR,Senior Staff,30,S1,,98,98.2,18,38,5,Married,Surabaya,Yes,No
EMP0361,Eka Kusuma,Female,35,HR,Staff,9,S1,,75,91.1,27,47,3,Single,Yogyakarta,No,No
EMP0362,Maya Saputra,Female,40,IT,Manager,12,S1,18000000,100,94.8,39,37,1,Married,Semarang,Yes,No
EMP0363,Nanda Santoso,Female,51,HR,Supervisor,25,S1,13000000,78,92.4,33,47,3,Married,Surabaya,No,No
EMP0364,Indah Kusuma,Female,40,IT,Staff,14,D3,7000000,89,96.6,0,12,,Single,Yogyakarta,No,No
EMP0365,Rahma Santoso,Female,44,Sales,Staff,16,S1,8000000,92,97.6,10,26,1,Single,Semarang,Yes,No
EMP0366,Yuni Hidayat,Female,31,Operations,Senior Staff,4,S1,6000000,88,93.4,40,50,1,Single,Surabaya,No,No
EMP0367,Joko Pratama,,38,Marketing,Senior Staff,13,S1,4000000,68,95.1,40,11,3,Single,Semarang,No,No
EMP0368,Indah Santoso,Female,58,Sales,Staff,30,S2,9000000,68,87.2,11,42,4,Married,Bandung,No,
EMP0369,Citra Lestari,Male,51,IT,Staff,27,S2,14000000,,87.2,9,6,2,Married,Bandung,No,Yes
EMP0370,Maya Pratama,Male,23,Operations,Staff,0,S2,15000000,,87.6,30,18,3,Single,Yogyakarta,No,No
EMP0371,Hadi Lestari,Female,42,Marketing,Staff,20,S1,16000000,98,81.8,13,14,3,Single,Semarang,Yes,No
EMP0372,Fajar Pratama,Female,37,HR,Supervisor,11,S1,14000000,87,87.3,22,43,1,Single,Jakarta,No,Yes
EMP0373,Andi Saputra,Male,39,Marketing,Staff,12,S1,14000000,100,85.8,23,13,1,Married,Yogyakarta,Yes,Yes
EMP0374,Lina Nugroho,Male,55,Marketing,Staff,28,D3,17000000,77,96.2,16,28,4,Single,Semarang,No,No
EMP0375,Eka Saputra,Female,23,HR,Senior Staff,0,S1,17000000,,91.2,24,50,2,Single,Yogyakarta,,No
EMP0376,Hadi Wijaya,Female,23,Marketing,Staff,1,S1,16000000,73,83.9,38,58,4,Single,Semarang,No,No
